step,learning_rate,train_loss,train_mse,train_mass,train_momentum,train_energy,gradient_norm,validation_loss,validation_mse,validation_mass,validation_momentum,validation_energy,validation_relative_l2,validation_bkw_relative_l2,validation_non_bkw_relative_l2,validation_selection_score,validation_mass_drift,validation_momentum_drift,validation_energy_drift,validation_negative_mass
20.0,0.0009998914383200486,1.5347857292372606,1.5345618844032287,1.2632185425715145e-06,2.997645918859801e-11,9.978104105849083e-07,0.03958907723426819,1.1030978641831515,1.1030629470944404,1.9558167473236143e-07,7.183330888508246e-11,1.570443577279339e-07,0.06169280642097874,0.143756203353405,0.0069838751326945685,0.07537003924304979,0.00020198822021484376,1.229480403708294e-05,0.0030976295471191405,0.0
40.0,0.0009995658008989348,1.510649187116337,1.5106244444847108,1.3750124811291657e-07,2.6318237309530634e-09,1.097925001361352e-07,0.10820802301168442,1.1024364114734526,1.1024206548929214,9.478661311377652e-08,1.8210463787842243e-08,4.6160302200646575e-08,0.06168217579688644,0.1437140628695488,0.006994251081778202,0.0753541569756635,0.00014063119888305665,0.00019283312722109258,0.0016792535781860352,0.00016951665165834128
60.0,0.0009990232305719941,1.4808542400065245,1.48047131896019,2.7966037953378085e-06,4.998164399053855e-07,5.714691216720109e-07,1.577014446258545,0.9992307684649623,0.9968687042593956,1.540339111355214e-05,7.907075750201073e-06,5.487675359103123e-07,0.06076623182743788,0.13502611219882965,0.011259644913176695,0.07314287855600317,0.0014128327369689942,0.003593459911644459,0.004634761810302734,0.013940669782459735
80.0,0.0009982639653285047,1.1378713768812205,1.1104623705148697,0.00019598166438440566,3.6619391404366664e-05,4.425759437638576e-05,7.855005741119385,0.6991250876405835,0.6577617406845093,0.0003495824717320735,3.6687158161021494e-05,3.154195552179562e-05,0.05134847797453403,0.09114997461438179,0.024814146881302197,0.05798206074784199,0.007125437259674072,0.00705520180054009,0.04342243671417236,0.02837330847978592
100.0,0.0009972883382072947,0.6611643134845485,0.6135809324681759,0.00031246094007519453,6.947610824124192e-05,9.870316397015459e-05,4.8960747718811035,0.41310474019329296,0.37784016132354736,0.00019640771737648193,0.00012140605371064523,3.839409628404047e-05,0.03463819473981857,0.04521779902279377,0.02758512521783511,0.03640146212031444,0.004926943778991699,0.015298949740827083,0.045449697971343996,0.02276587449014187
120.0,0.0009960967771506662,0.38813301649575954,0.3124550096690655,0.00041674309300865527,0.00017770072787712534,0.00016998049049496704,5.932682514190674,0.3531465248830516,0.25716635286808015,0.0002484996392830991,0.0003877716854726972,0.00033322536226411707,0.02823912985622883,0.03771715611219406,0.02192044568558534,0.029818800898889698,0.005674445629119873,0.027179470285773277,0.11495882272720337,0.02166593335568905
140.0,0.0009946898048166792,0.2813191571945513,0.2316989131271839,0.00023322049867751407,9.723134218293038e-05,0.0001707627456786202,4.558446407318115,0.21237808914030032,0.1793065309524536,0.00011401405489355328,3.6159240281068294e-05,0.00018388284813696123,0.024404937773942946,0.03338363766670227,0.018419137845436733,0.025901387756069504,0.0035521626472473145,0.007867531105875968,0.09321811199188232,0.017343389429152013
160.0,0.0009930680383499002,0.17602317561885855,0.16058226078748702,7.713839699961847e-05,1.5570629595027485e-05,6.32598100858743e-05,0.9282795190811157,0.13136972294705515,0.12252015471458436,2.304337346514543e-05,1.729529361399336e-05,4.905091102662694e-05,0.019244244694709776,0.02407740242779255,0.016022139539321262,0.020049770983556904,0.001793825626373291,0.0059390653856098655,0.043299531936645506,0.010604731552302838
180.0,0.0009912321891107012,0.11922369020064313,0.11199336610734463,3.574732075976001e-05,1.2043218047711858e-05,2.5243037892513016e-05,1.4243215322494507,0.09293175484821242,0.0887050211429596,1.3710126253879153e-05,5.157374228913923e-06,2.3826779368245517e-05,0.016314166970551013,0.019863217137753963,0.013948133525749048,0.016905675331751507,0.0013589024543762206,0.0029507691506296396,0.03589794635772705,0.010921124182641507
200.0,0.0009891830623632344,0.08868462761607912,0.08469020780175925,1.4968548901352313e-05,6.537891396555455e-06,1.8841234594212008e-05,1.5246965885162354,0.07877326531043427,0.07384432032704354,3.2384288343004753e-05,3.027358440575058e-06,1.4375676280973119e-05,0.013655380718410015,0.01524864137172699,0.012593206949532032,0.013920924160629511,0.0022841930389404298,0.0022878208663314583,0.02675197124481201,0.009195563942193985
220.0,0.0009869215569222147,0.062125436597915876,0.059567627031356096,1.2852743131951036e-05,4.082196297253816e-06,8.901520839075605e-06,1.9777618646621704,0.051251135641263025,0.048655932396650316,9.53273306837064e-06,1.2230381205094378e-05,4.451059914542161e-06,0.011732746288180352,0.0135881626047194,0.010495802077154318,0.012041982340936858,0.0013029694557189942,0.0048636763356626036,0.0141135573387146,0.007530937436968088
240.0,0.0009844486647586715,0.049419136211354145,0.04653549659997225,1.2451848792610255e-05,8.89642937989116e-06,7.77939466974005e-06,1.2419534921646118,0.04989590309482096,0.04663160666823387,1.3913642334835736e-05,1.0798704732310401e-05,8.260344110501265e-06,0.010989462956786156,0.012390489224344492,0.010055445445080599,0.011222967334712546,0.0014004468917846679,0.004760203883051872,0.01579650640487671,0.007279972545802593
260.0,0.0009817654705648387,0.04659482026995551,0.042862832499668005,1.928055193128475e-05,4.4841296813068525e-06,1.3932164551928662e-05,1.5348830223083496,0.0428720076177055,0.04164891801774502,7.667114801159428e-06,3.3540882230836605e-06,1.333237379398098e-06,0.010326929297298193,0.011684966273605824,0.009421571313093105,0.010553268793349464,0.001025521755218506,0.0024875611066818236,0.008157789707183838,0.00689900666475296
280.0,0.0009788731512783702,0.03795870690009525,0.035948369465768334,1.062363837343692e-05,2.733548915619373e-06,6.949251441518591e-06,0.7326347231864929,0.04560546008052203,0.043528303131461145,1.5708197757173653e-05,1.2663075647679088e-06,4.0068780019057584e-06,0.010269266366958619,0.010841981042176485,0.00988745658348004,0.010364718812828261,0.0014950037002563477,0.0014646162977442144,0.01479555368423462,0.006260552071034908
300.0,0.0009757729755660972,0.03495256537487308,0.033449691440910104,8.68669086214353e-06,1.4190675365113206e-06,5.07478638885003e-06,0.5475746393203735,0.04195507147377985,0.04004835411906242,8.193806639932263e-06,1.2163928724396193e-06,9.849571747400153e-06,0.009961663465946912,0.01110885152593255,0.009196871425956488,0.010152861475944519,0.001186060905456543,0.0015099459211342036,0.024345123767852785,0.00488743344321847
320.0,0.0009724663032675492,0.028447111473574916,0.027319437870755792,5.886301684760014e-06,1.3411982956936717e-06,4.163142472264732e-06,0.5007425546646118,0.03915881181130376,0.03791949599981308,7.711976391172888e-06,3.3811107265580396e-06,1.4252544124779768e-06,0.0091459222137928,0.009570944588631392,0.008862573963900408,0.0092167592762659,0.0010184049606323242,0.0026407070457935334,0.00861051082611084,0.0054553264752030374
340.0,0.0009689545847984824,0.03391742611416791,0.03231520892586559,9.355065050747e-06,2.2427638447789167e-06,4.586183107527867e-06,0.5829163193702698,0.035578407023279156,0.03474545329809189,6.519834826529718e-06,1.533006186043302e-06,3.6083297921755844e-07,0.008713931124657393,0.008984941523522139,0.008533257525414228,0.008759099524468184,0.0010721921920776368,0.0017792080761864781,0.00402984619140625,0.004258300876244903
360.0,0.0009652393605146806,0.029718941288266153,0.028630342753604054,5.188185775545194e-06,1.48548576949007e-06,4.322273249531361e-06,1.2460898160934448,0.0390700422040088,0.03841409720480442,3.5878431014358833e-06,2.663378670484223e-06,3.744852907504221e-07,0.008930098731070757,0.008642480475828052,0.009121844234565893,0.008882162355196972,0.0006451845169067383,0.002178904158063233,0.004552686214447021,0.004565077042207122
380.0,0.000961322260036304,0.02681122825529502,0.026082200440578164,4.512024587569831e-06,9.934055373873426e-07,1.8584871954150787e-06,0.26944082975387573,0.03557446129918621,0.03410792117938399,8.707331914508356e-06,5.44938900558012e-07,5.56126574859239e-06,0.00819872235879302,0.00791096268221736,0.008390562143176794,0.008150762412697077,0.0012760400772094727,0.0009305763349402695,0.018001222610473634,0.0038150021340698005
400.0,0.0009572050015330836,0.026510528685633812,0.02553571993485093,5.498937210100105e-06,1.0598400837053915e-06,3.2877757444053715e-06,0.5144885778427124,0.035275511843736784,0.034386301040649415,4.988061186734031e-06,2.802138636973868e-06,1.1917274802049143e-06,0.008044380741193891,0.007711060578003526,0.0082665941833208,0.007988827380662162,0.0008870601654052734,0.0021607455681078138,0.006768727302551269,0.004040883108973503
420.0,0.000952889390970676,0.0243784395793439,0.023587237717583774,5.097788839420191e-06,8.686574242872369e-07,2.0254917338696393e-06,0.5916670560836792,0.033833874820011704,0.033562546223402025,1.7073533351342668e-06,4.030532256020691e-07,6.302863343109441e-07,0.007952115032821894,0.007294378941878676,0.008390605760117372,0.007842492350998025,0.00042467117309570314,0.0007644372875802219,0.005017483234405517,0.0037566440412774684
440.0,0.0009483773213185059,0.025087787957266384,0.024031829345040022,6.299017767745781e-06,6.056742908290984e-07,3.761556549772185e-06,0.30238598585128784,0.035951224667992346,0.03338388660922646,2.0025308917322477e-05,5.086956036711633e-07,5.398703143308193e-06,0.008028521947562695,0.007650189101696014,0.008280743844807148,0.007965466473251581,0.0019684433937072754,0.0009559199679642916,0.01670067310333252,0.004282220033928752
460.0,0.0009436707717194479,0.02346297022634697,0.022177789034321903,8.706456185653866e-06,5.258081378527858e-07,3.749363878766733e-06,1.52938711643219,0.036103284474255176,0.03589859958738088,1.1155209916634163e-06,4.796007536578796e-07,4.724023645200631e-07,0.007882763817906379,0.006879041204228997,0.008551912227024635,0.007715476715626816,0.00042116641998291016,0.0008609855372924358,0.004944062232971192,0.003959491848945618
480.0,0.0009387718066217091,0.024578053078716865,0.02335854775737971,7.387206394677409e-06,4.961309861889777e-07,4.434898188195789e-06,0.9330787658691406,0.0336164217877689,0.033332806825637815,2.0296773865776224e-06,6.909101073502491e-07,1.4421010335584534e-07,0.007816315861418843,0.007217099657282233,0.00821579333084325,0.007716446494062741,0.000542902946472168,0.0012007842771708966,0.002250850200653076,0.0032760766800493
500.0,0.000933682574873294,0.023896232352251762,0.022930170129984617,5.756175504602104e-06,9.496979620200937e-07,3.052330798702476e-06,0.5843839049339294,0.03163230091218584,0.03106386223807931,4.8192946406958314e-06,7.910326813537025e-07,1.31477466905315e-07,0.0072328809183090925,0.006017557345330715,0.00804309663362801,0.007030326989479363,0.0007143497467041015,0.0012450157199054956,0.0024959683418273927,0.003328693378716707
520.0,0.0009284053087794476,0.025264070786556948,0.024739451764617115,3.4158151635860295e-06,9.833222425515277e-07,9.000446336587355e-07,0.5723269581794739,0.03683550683833428,0.036570183001458645,1.8619383924768315e-06,2.7418821176025e-07,5.439121520824879e-07,0.007527461647987366,0.0054778594058007,0.008893863142778477,0.007185861274289588,0.000557565689086914,0.0007263572071678937,0.005030381679534912,0.0030842871172353627
540.0,0.0009229423231234945,0.018711850613376706,0.01835847196634859,2.1833372598470334e-06,2.517934559562528e-07,1.134350567309018e-06,0.2590833008289337,0.030697809072212597,0.03060364299453795,2.5548973339523717e-07,2.4403379440243154e-07,4.5164897396646124e-07,0.00696975365281105,0.0052232390735298395,0.008134096705665192,0.0066786678895975156,0.00020579099655151367,0.0006521732429973781,0.005077266693115234,0.0032603619853034615
560.0,0.0009172960141514963,0.023345729097264817,0.022966282069683076,2.200615920930713e-06,3.969853688437514e-07,1.2351969686269302e-06,0.4573978781700134,0.032508254586205675,0.032081723865121606,2.7591141289002927e-06,1.5639662317320675e-07,1.392880369987816e-06,0.007115124259144068,0.005304386140778661,0.008322283004721006,0.0068133345727498336,0.0006793856620788575,0.0005518692429177463,0.00859229564666748,0.0027397436555474997
580.0,0.0009114688585211809,0.017646334837930603,0.0173019076930359,2.106256991354161e-06,2.8457259204042565e-07,1.0882324862489001e-06,0.3615121841430664,0.0325038136935831,0.03233584607951343,1.0741423655461603e-06,4.0247644351064287e-07,2.2002375730347118e-07,0.006857535848394036,0.004852135432884097,0.008194469458733996,0.006523302445809047,0.0003874778747558594,0.0009020919445902109,0.0031156659126281737,0.00278752613812685
600.0,0.0009054634122155963,0.018951142889306462,0.018606072291731834,2.1723782205660805e-06,3.5779365749286905e-07,9.553897136039892e-07,0.2675272822380066,0.031647516578209745,0.03147477279417217,3.106854439204209e-07,7.060535347770204e-07,7.281477287527683e-07,0.006668589683249593,0.004277721745893359,0.008262501641487082,0.006270111693690221,0.00022180080413818358,0.0011266187066212296,0.005829942226409912,0.002984840329736471
620.0,0.0008992823094219743,0.01892087124149534,0.018503673444502055,1.9709506954215647e-06,7.40339324519133e-07,1.5028291416076343e-06,0.5071721076965332,0.03118288614788553,0.03065118407830596,9.69234186322909e-07,9.616104590374386e-07,3.4398833301908757e-06,0.006667150324210525,0.004216442466713488,0.008300955562541882,0.006258699014627685,0.00041120052337646485,0.0013856505043804645,0.014116835594177247,0.002505491767078638
640.0,0.0008929282613762881,0.01855618026198404,0.018286625621840358,1.3331841813751288e-06,6.911569223679207e-07,6.984330391223839e-07,0.3398844003677368,0.03093319593528365,0.029951041704043745,2.5724055447240123e-06,9.02490296887585e-07,6.445853968892475e-06,0.006447795871645212,0.004152496811002493,0.007977995245407024,0.006065246028204759,0.0007036447525024414,0.001310353074222803,0.019637095928192138,0.0022661134134978056
660.0,0.0008864040551740131,0.019552514933959975,0.019040219159796833,2.526854079279728e-06,7.673382067469678e-07,1.8805125035000037e-06,0.3891451358795166,0.030707914302732866,0.030579502624459565,8.198231504352565e-07,1.123649686941936e-07,3.648995401968183e-07,0.006326579488813877,0.0038328361697494984,0.007989075034856796,0.005910955602303147,0.00038654804229736327,0.00047067567938938735,0.0044036865234375,0.0028166599338874223
680.0,0.000879712552547617,0.016564566568295365,0.016205385513603687,2.412750257607612e-06,2.658718924520016e-07,9.494693114724834e-07,0.3211442530155182,0.029993587996733417,0.02987089860253036,4.326316561837492e-07,2.890918890107961e-07,5.175632649373509e-07,0.006270808726549148,0.0037859411677345634,0.007927387099092206,0.005856664133413385,0.00026154518127441406,0.0007217001693788916,0.005368590354919434,0.002782446308992803
700.0,0.0008728566886113078,0.018396933852805802,0.018003682291600855,2.266016476714396e-06,4.0731045528246216e-07,1.2989110599723012e-06,0.6563779711723328,0.028401173346040472,0.027917217928916216,3.1259295912845034e-06,5.646694743718398e-07,1.1978394911543133e-06,0.005939383571967482,0.0032355255680158734,0.007741955574601889,0.005488740571308881,0.000770115852355957,0.0010791173903271557,0.007686388492584228,0.0030185263836756348
720.0,0.0008658394705735964,0.014730440623450686,0.014352188387420028,1.7828487268157652e-06,4.450120543636323e-07,1.5928688756959594e-06,0.5732617974281311,0.03673298747949886,0.03465267177671194,1.6526110454510586e-05,8.699394894765495e-07,3.6172399831534753e-06,0.00697074867784977,0.004036015132442117,0.008927237708121538,0.0064816264202818274,0.0018481969833374023,0.001247045595664531,0.014705610275268555,0.0030483165523037315
740.0,0.0008586639764182354,0.018682480205000775,0.018058283999562264,3.900514189103e-06,2.3159372850800774e-07,2.172904258535587e-06,0.32871031761169434,0.03027153795266772,0.029465767298825087,4.071149513095508e-06,6.037721646170151e-08,4.0075707840047445e-06,0.00609656423330307,0.0032307796645909548,0.008007087279111147,0.005618933471851051,0.0009122729301452637,0.0003261552716139704,0.01536639928817749,0.0029698646161705256
760.0,0.0008513333535541133,0.017707292880335,0.01741835263092071,1.211210001361907e-06,3.702431469030741e-07,1.3371352296571608e-06,0.16644549369812012,0.030938770624555013,0.0303119495511055,3.7657569839143207e-06,1.7679959045816055e-06,7.977731059436149e-07,0.006281091645359993,0.003464893437922001,0.008158557116985321,0.005811725277453661,0.000871574878692627,0.0018468301044777037,0.005260598659515381,0.00283249884378165
780.0,0.0008438508174346985,0.01776928948160964,0.01750780469737947,1.2018514111432012e-06,5.639842531484533e-07,8.754247824777366e-07,0.5297448635101318,0.03004443667963101,0.02991966838017106,8.39254315049473e-07,2.5784883623745797e-07,1.6318270184385272e-07,0.00618863021954894,0.003525079693645239,0.007964330570151409,0.005744705131898324,0.00034368038177490234,0.0006426044448744506,0.0024819374084472656,0.0024398675886914134
800.0,0.0008362196501476324,0.01490525086799556,0.014585564192384482,2.0099033686641157e-06,2.587373668056696e-07,9.60517604036043e-07,0.314785897731781,0.030899476438742673,0.030734763573855163,8.620101827700608e-07,3.445432631328186e-07,4.572128660921589e-07,0.006396556831896305,0.0037851484958082438,0.00813749572262168,0.0059613221092149615,0.0003444552421569824,0.0008360698586329818,0.0034622550010681152,0.0025455861585214736
820.0,0.0008284431989751,0.014564991884824482,0.014324728830251843,1.2069180858890734e-06,5.152758269714334e-07,7.047056282772715e-07,0.2796211242675781,0.028217626988547993,0.027974674524739385,1.2955102595521962e-06,4.3266048306114425e-07,7.258945483826957e-07,0.005711872968822718,0.002853635000064969,0.00761736494799455,0.005235499974029759,0.00040442943572998046,0.000921997136902064,0.005738461017608642,0.0025248241377994417
840.0,0.0008205248749255989,0.016451115807956728,0.01603480784688145,2.483828201680556e-06,3.23777334720233e-07,1.3975253835515582e-06,0.9291923642158508,0.030494355715173626,0.030052708531729876,3.5795221487136342e-06,3.6849152931707956e-07,5.130689830172564e-07,0.006256459187716246,0.0033428987953811884,0.008198832782606283,0.005770865788993736,0.000829005241394043,0.0008289219927974045,0.004584717750549317,0.002658617333509028
860.0,0.0008124681512377614,0.017902880184118432,0.017526601802092045,2.052195143771505e-06,2.861734840209257e-07,1.4624231098477945e-06,0.7114422917366028,0.030874429422354032,0.030239024898037314,5.2792344984752115e-06,4.779215581435171e-07,6.610714617319649e-07,0.006475594080984593,0.003844117047265172,0.008229912103464207,0.006037014575364689,0.0010353684425354003,0.0008753569913096726,0.004857861995697021,0.0024665438802912833
880.0,0.0008042765618568729,0.01486562992234336,0.014665295206941664,1.108732066423477e-06,2.453230593606975e-07,6.695278580713572e-07,0.33459803462028503,0.02861376588077821,0.028500851499848066,4.534520565327957e-07,1.5051091215194097e-07,5.365863336399575e-07,0.005984857212752104,0.0033352705650031567,0.007751248311251402,0.005543259438127279,0.0002294778823852539,0.0005137178231962025,0.005602014064788818,0.0025414064759388564
900.0,0.0007959536998847717,0.015087010392945546,0.014751138899009674,1.7704116186895674e-06,3.22144292443057e-07,1.3000854417549794e-06,0.9771151542663574,0.0295680743985619,0.029475299222394825,6.982496757908137e-08,3.5405899685012646e-07,5.1323902715741e-07,0.005909882532432675,0.0030037753749638796,0.00784728730407854,0.00542553133952121,7.79867172241211e-05,0.0008297658408991992,0.005083918571472168,0.002375157177448273
920.0,0.0007875032160037911,0.015764330791463242,0.015293527720496058,2.4749463400982132e-06,5.069436891365126e-07,1.77369654619139e-06,0.29883110523223877,0.029745334674976368,0.02854558404069394,3.779994964706622e-06,7.934026030999478e-07,7.545295707773508e-06,0.005849377904087305,0.0027809730963781476,0.007894981109226743,0.005337977102802445,0.0008756637573242188,0.0012879967223852872,0.021358847618103027,0.0019224639516323804
940.0,0.0007789288168754528,0.014190960196758523,0.013675657939165831,2.6566310454358298e-06,6.086337706507313e-07,1.9398084929305296e-06,0.269483357667923,0.03096965416998077,0.030626392713747917,9.891060831288146e-07,3.3868449459276595e-07,2.1394968589739e-06,0.005867972318083048,0.00260929053183645,0.008040426842247447,0.0053248586870419485,0.0004376649856567383,0.0008076832280494272,0.011335182189941406,0.0021233107428997753
960.0,0.0007702342635146008,0.01278866206097612,0.012562585924752057,1.5252733449500113e-06,2.30311445931432e-07,5.280125447151704e-07,0.2548379898071289,0.02852974661008874,0.027639201714191586,3.5010445947757316e-06,2.2139089598430003e-07,5.272967498100138e-06,0.005607711523771286,0.002360963262617588,0.007772210364540418,0.0050665868135790024,0.0008490562438964843,0.0006507622310891747,0.017918932437896728,0.001777592662256211
980.0,0.000761423369639697,0.01408177026545734,0.013749795616604388,1.7598693546712153e-06,3.821463666705408e-07,1.2112635600012196e-06,0.32997849583625793,0.027776300150265994,0.02756839576177299,1.0923556837014582e-06,7.052163504411479e-07,3.0247229406955516e-07,0.0055507787503302096,0.0023707111831754446,0.007670823795100053,0.005020767489137748,0.0004489898681640625,0.0011930527864024044,0.003973662853240967,0.002241784636862576
1000.0,0.0007524999999999976,0.01359445274756019,0.013457079941872507,5.289152586665022e-07,2.899231743675339e-07,5.687656648213303e-07,0.32138746976852417,0.03264912827406571,0.03244255889439955,1.2823584657638852e-06,2.3203173317114717e-07,5.721691916321926e-07,0.006163184531033039,0.002589740324765444,0.00854548066854477,0.0055676104966551065,0.00048722028732299804,0.0006391803559381515,0.005014801025390625,0.002282847429160029
1020.0,0.0007434680686803467,0.014223188866686318,0.013793053873814642,2.6601034145641375e-06,2.448679724643401e-07,1.4398265207662008e-06,0.8312059640884399,0.028687479564582126,0.027914890297688545,4.87223666709593e-06,2.3362431060651428e-07,2.6980710111216196e-06,0.005760994832962751,0.002693638321943581,0.0078058991736421985,0.00524976874779289,0.0009576082229614258,0.0006615160556975753,0.012072360515594483,0.0020448984229005872
1040.0,0.0007343315373843293,0.013032717203099675,0.012613135622814298,2.2254842163831185e-06,2.7248258869992194e-07,1.740230975577364e-06,0.7863488793373108,0.029163959336404026,0.028902730206027627,1.4063330985406632e-06,7.729095961482826e-07,4.594353899211568e-07,0.00564927002415061,0.002176012727431953,0.007964774888629714,0.0050703938080308335,0.00045931339263916016,0.0011816849932074548,0.00408179759979248,0.002298586629331112
1060.0,0.0007250944136965368,0.014199968621176886,0.014017105184029788,1.053507015736568e-06,2.895678049830268e-07,5.040306050086502e-07,0.45340466499328613,0.03205695248395107,0.03199795400723815,3.800989211097762e-07,1.2291279213922963e-07,9.293249597245362e-08,0.005884049367159605,0.0025006067007780075,0.008139677811414003,0.0053201422560960054,0.0002191781997680664,0.00044034733437001703,0.00184478759765625,0.0022794811055064203
1080.0,0.0007157607493247087,0.013115796662152897,0.01292619553860277,1.0985036145385481e-06,1.8391773066309672e-07,6.327415189410704e-07,0.45799070596694946,0.030560934883710075,0.030385392194148153,1.4661573952996775e-06,2.926700702428576e-07,1.433101488091167e-08,0.0061881539411842825,0.0029030784498900175,0.008378204268713793,0.005640641359301905,0.00047668218612670896,0.000582193915033713,0.0007314682006835938,0.0021430263412185015
1100.0,0.0007063346383225186,0.013284703218549784,0.013182782055810093,4.833325310954333e-07,1.692781858731021e-07,3.768959773717879e-07,0.2500830590724945,0.030016903029496163,0.029942975100129842,1.4141008487943871e-07,5.2894035601272424e-08,5.52442640795256e-07,0.006182650476694107,0.0032136046793311834,0.008162014341602722,0.005687809510466953,0.0001443028450012207,0.000318163848714903,0.005519485473632813,0.002048429986461997
1120.0,0.0006968202152937886,0.011861541541791042,0.01169141752179712,7.453567654526987e-07,1.6185403196425645e-07,8.112136469661026e-07,0.30041801929473877,0.02979915772572388,0.02942341964226216,6.218840900916293e-07,2.789975180234314e-07,2.8944525682659542e-06,0.005952009931206703,0.0029615730745717883,0.007945634502296647,0.005453603788434218,0.00033954381942749026,0.0005774502351414412,0.01320497989654541,0.001984499127138406
1140.0,0.000687221653578913,0.012234484300118663,0.012032348138745874,1.095788237638129e-06,1.5831164889264087e-07,7.876795212751675e-07,0.3491276502609253,0.030693771622377488,0.03055982928490266,6.319363894354311e-07,1.1672186769006077e-07,6.042946466606497e-07,0.005974030774086714,0.002313642529770732,0.008414289603630701,0.0053639660667007165,0.00032874345779418943,0.00040544418880017474,0.00556027889251709,0.002372177573852241
1160.0,0.000677543163424296,0.013612502544969929,0.01346598434029147,8.269516000835411e-07,8.254677480135984e-08,5.7048349055412e-07,0.47998467087745667,0.028045486495301752,0.027888282982166855,1.3133363101689854e-06,1.7262702492618305e-07,1.0195093899468823e-07,0.005646595172584057,0.002807294367812574,0.007539462375765045,0.005173378371788809,0.0004294395446777344,0.0004885521251708269,0.0021332859992980956,0.0021604744251817465
1180.0,0.000667788990135596,0.01265630221751031,0.012473376677371561,1.1186951276265566e-06,1.858830753156089e-07,5.43154525732067e-07,0.32168498635292053,0.03144911146748436,0.031066977116279305,2.23926248251832e-06,8.872935467414162e-08,1.5319511042727128e-06,0.006136295851320028,0.0027536870911717415,0.008391368358085552,0.005572527724628647,0.0005614280700683594,0.0004242010531015694,0.009194707870483399,0.0018956811749376357
1200.0,0.0006579634122155964,0.011565075466962053,0.011239236663095653,2.008339653133338e-06,1.9325034613719583e-07,1.0897110498850318e-06,0.3667840361595154,0.028626371272300756,0.02834018151042983,1.3193822036244921e-06,2.139345355511681e-07,1.357488936288232e-06,0.005813136836513877,0.002542164525948465,0.007993785043557486,0.005267974784752975,0.00047795772552490235,0.0005603242258075625,0.009031414985656738,0.001947399228811264
1220.0,0.0006480707394875108,0.01036872593079106,0.010146026208531111,1.2312565492888325e-06,1.782291918546833e-07,8.40006402896362e-07,0.3031120002269745,0.03003990470415369,0.02983335735043511,7.555201877957242e-07,2.6279059763748656e-07,1.0680261208150726e-06,0.006047805584967136,0.002619837410748005,0.008333117701113224,0.0054764775559306145,0.00037237405776977537,0.0005846161278896034,0.0077211976051330565,0.0019138960517011583
1240.0,0.000638115311204554,0.012367262593626725,0.012206337007228285,8.336754909168913e-07,1.566525135805618e-07,6.351829692241471e-07,0.5439321398735046,0.02997706636943069,0.02991626427974552,3.4154013343624614e-07,1.8975814989595607e-07,8.286423874024548e-08,0.0058921205811202524,0.002845543436706066,0.00792317201072971,0.005384357723717888,0.0002202749252319336,0.0006142063124570995,0.0015928030014038086,0.0021102035068906845
1260.0,0.0006281014941466009,0.011112731666774647,0.01102050777990371,5.368578164828443e-07,1.564126993342716e-07,2.382838970206418e-07,0.4700453281402588,0.028380208664587774,0.0282776941312477,7.53713477814949e-07,2.6800921997846276e-07,1.3777638975016275e-08,0.005871089035645127,0.002850372693501413,0.007884899930407604,0.0053676363119545085,0.00033309459686279295,0.0007021263241767884,0.0007391929626464844,0.002144439145922661
1280.0,0.0006180336807047728,0.012024776461397794,0.011851690337061882,1.0979948267278306e-06,2.021371820507646e-07,4.482126814831483e-07,0.10307596623897552,0.02938929973305425,0.029158388217911124,1.0439632523421375e-06,1.1105739629871135e-07,1.1774188982594209e-06,0.005829872190952301,0.0027168651577085257,0.007905210213114819,0.005311037685411672,0.00041484832763671875,0.00045750954304821787,0.008037161827087403,0.002239988371729851
1300.0,0.000607916286954789,0.01072618423433023,0.010501690162345766,1.3783117132217575e-06,1.893072101758239e-07,6.999979653343568e-07,0.17840413749217987,0.027361089285294092,0.027116543031297624,1.617433212590375e-06,2.9077449281512087e-07,5.619564763770062e-07,0.005693333782255649,0.00270992168225348,0.007682275182257096,0.0051960984322552885,0.0005572676658630371,0.0006807110679801553,0.0058038592338562015,0.0022136801155284045
1320.0,0.0005977537507199319,0.01126231192188604,0.011102633120026439,9.498764496022106e-07,1.4418684434290295e-07,5.188538965558985e-07,0.07166052609682083,0.030755935010854576,0.030684398394078015,3.977267187453968e-07,2.0887282410537097e-07,1.1599254580137963e-07,0.006033886782824993,0.0023917958606034517,0.008461947397639355,0.005426871629121403,0.0002667546272277832,0.0006587956915609539,0.0025063395500183106,0.0020236285869032144
1340.0,0.0005875505296244688,0.01119675376054649,0.011132277245633305,3.111303673892679e-07,1.2222281215792646e-07,2.1792474886882067e-07,0.2403268665075302,0.026763771462748852,0.02662282044766471,9.73309805050976e-07,1.9016525638931658e-07,2.602725656722656e-07,0.00539176925085485,0.002253997605293989,0.00748361701456209,0.004868807309928039,0.00040810108184814454,0.0005748006369685754,0.0037564635276794434,0.002113566710613668
1360.0,0.000577311099138392,0.009772356802184207,0.009612074005417526,6.205576536664216e-07,1.1267217691372779e-07,8.85788318578273e-07,0.18142414093017578,0.027619561660869773,0.02742956962902099,1.1000769625505002e-06,2.427364867800758e-07,5.762979834854148e-07,0.005784073285758496,0.0029862894443795085,0.007649262513344486,0.005317775978861997,0.00039091110229492185,0.000641148304566741,0.005185163021087647,0.002164075314067304
1380.0,0.0005670399506143285,0.01148657383186561,0.01132611024659127,1.055268584064267e-06,1.1704864339616227e-07,4.485270682399849e-07,0.4158160984516144,0.028008630197171584,0.027840159856714307,1.4377626110901076e-06,8.457538322416597e-08,1.7938261636530487e-07,0.005605883616954088,0.0023089504102244973,0.007803839088107149,0.005056394749165824,0.0004320621490478516,0.00038785630604252217,0.003174746036529541,0.0020092711085453628
1400.0,0.0005567415893174863,0.010242079029315222,0.010101574705913663,8.475548280263796e-07,1.0818586775981314e-07,4.6349489412852846e-07,0.1443038135766983,0.029411299952314826,0.029027685325127096,2.4069972051598554e-06,1.634597063530157e-07,1.3044383126056131e-06,0.005712189269252122,0.002262814261484891,0.008011772607763609,0.00513729343462425,0.0006824970245361328,0.0005452245241031051,0.00855083465576172,0.002243938180617988
1420.0,0.000546420532449494,0.008154840575141315,0.007965775032062083,1.2168595082382e-06,1.3712087085967087e-07,5.557725812983996e-07,0.32634666562080383,0.026424667275510395,0.02633688155328855,6.486595502358862e-07,1.4459211590985976e-07,9.347280074157794e-08,0.005438085412606597,0.0020768947433680296,0.007678879192098975,0.004877886967733502,0.00033203363418579104,0.0004053844459122047,0.002278852462768555,0.0020517330965958537
1440.0,0.0005360813071670079,0.01154275228835831,0.011363711586454883,1.1232211247375909e-06,1.0302746965351936e-07,5.822433440273359e-07,0.6479123830795288,0.030349613368126672,0.030115378042683005,1.408332283635673e-06,3.202506241555422e-07,6.374304805286578e-07,0.006020081974565983,0.0025092768482863903,0.008360618725419044,0.005434947786852717,0.00045059919357299806,0.0006624786357861013,0.005136179924011231,0.0020924356067553163
1460.0,0.0005257284485959517,0.009978169469394976,0.009801266703289003,1.0668144896446107e-06,1.426106878612996e-07,5.774714498271732e-07,0.14942756295204163,0.030291293330651864,0.030015813489444553,1.9498811768131356e-06,2.0268062931149938e-07,6.300628525350528e-07,0.005827377736568451,0.002385503612458706,0.008121960485974947,0.0052537320492168265,0.0005281925201416016,0.0005950461549218744,0.00613253116607666,0.0021631830139085652
1480.0,0.0005153664978422599,0.010142362357840754,0.009943212184589356,1.170098816147518e-06,2.3639576080178423e-07,6.051233346809557e-07,0.22053779661655426,0.02843165862247762,0.028364788019098343,5.414276665421213e-07,5.32988982916152e-08,8.073407536097936e-08,0.005706918286159634,0.0021746180718764663,0.008061785095681747,0.005118201583779107,0.00032612085342407224,0.0002906660083681345,0.002026665210723877,0.0020119569613598286
1500.0,0.0005049999999999983,0.008698823273757327,0.00851851690094918,1.2529421453869786e-06,1.478345312658166e-07,4.204998163587977e-07,0.09046505391597748,0.026265459633801475,0.02616189350374043,4.841850894667803e-07,2.6258277993825075e-07,2.993546564641025e-07,0.005453435424715281,0.0023909833980724216,0.007495070109143853,0.004943026753608137,0.00024013519287109376,0.0005761873384471983,0.0032735586166381834,0.0021095139090903103
1520.0,0.0004946335021577365,0.01133617744113341,0.011102037027012557,1.4993642585975758e-06,1.7473436551328503e-07,6.909560639785674e-07,0.3258134126663208,0.029111812441892974,0.02890910896239802,1.6696448449142214e-06,2.6007344195940025e-07,1.1779160701479788e-07,0.005910673318430782,0.0026021458907052875,0.008116358270247778,0.005359252080476533,0.0005093574523925781,0.000659279734827578,0.002155303955078125,0.0020215938915498556
1540.0,0.0004842715514040442,0.01035017468139151,0.010139235469978303,1.3942961006538954e-06,1.2409116058237826e-07,6.123118439476254e-07,0.15240725874900818,0.028070086345250995,0.027877244050614536,1.3224802058385647e-06,3.739123671331422e-07,2.515093930531329e-07,0.005710484320297837,0.0026624081656336784,0.007742535090073943,0.005202471627853811,0.00039819478988647463,0.0008374786702916026,0.0036559104919433594,0.0018418516614474357
1560.0,0.0004739186928329881,0.009241061712253636,0.009137173776980489,6.267380494080223e-07,9.119541174160708e-08,3.314396224175165e-07,0.31786710023880005,0.026214581552680086,0.02615167263429612,2.6414641614365167e-07,1.8233554321439813e-07,1.88961660682012e-07,0.005473082233220339,0.002312903176061809,0.007579868271326025,0.004946385723693917,0.00020787715911865234,0.00045901868434157224,0.0028601884841918945,0.0018855352653190493
1580.0,0.0004635794675505021,0.008770967481929896,0.008690719376318157,4.593757924123138e-07,6.26584761778039e-08,2.885526567809926e-07,0.25899818539619446,0.025855714113719036,0.025799811375327407,3.7601570636967264e-07,1.5585752868212506e-07,3.2800890116166984e-08,0.00544096427038312,0.0021866781171411276,0.007610488372544448,0.004898583244842788,0.00021343231201171876,0.00043217078782618044,0.0010953545570373535,0.002033959433902055
1600.0,0.00045325841068250965,0.009306400077090113,0.009216096939053387,2.9535112444476023e-07,6.455415780769658e-08,5.522476272094152e-07,0.16374646127223969,0.028032196592052,0.027942802768666297,6.412895084740502e-07,1.901868837348987e-07,7.149152077794262e-08,0.005696334224194288,0.0024334548506885767,0.007871587139864763,0.00515252099527667,0.0003233790397644043,0.0005700437352061272,0.0018356561660766602,0.001998477976303548
1620.0,0.0004429600493856677,0.009980744761258323,0.009871750429738313,7.437603618747977e-07,7.987197043918686e-08,2.7732051132247476e-07,0.23332828283309937,0.028316915078301842,0.02820518590742722,6.144594610509756e-07,2.1156385811384778e-07,3.0255416441719595e-07,0.0058403105940669775,0.0026779273757711053,0.007948566072930893,0.005313246724350999,0.000322568416595459,0.00047663397272117435,0.003631997108459473,0.001892745227087289
1640.0,0.0004326889008616045,0.008608259067107047,0.008515351684764028,4.0844442649738964e-07,9.785316311452819e-08,4.321608178933411e-07,0.14797157049179077,0.02484059003220782,0.024729700735770167,5.120099694073816e-07,2.1527442016015655e-07,3.928095138430831e-07,0.005225738603621721,0.002107665059156716,0.007304454299931725,0.00470605967954422,0.0003120303153991699,0.0006572075595613569,0.004812383651733398,0.002050100429914892
1660.0,0.0004224494703755277,0.008797482303399228,0.00868773325928487,6.335424166117853e-07,1.074868565496631e-07,3.675469300138878e-07,0.402463436126709,0.02899269215467128,0.028723382588941603,9.350582845487324e-07,2.5679968447402255e-07,1.52844067471137e-06,0.005751066119410097,0.0021093725808896124,0.008178861811757088,0.00514411719632335,0.0003178119659423828,0.0005947452445980161,0.008977091312408448,0.0017039295402355493
1680.0,0.0004122462492800647,0.008697010531324153,0.00855255131609738,8.914710653809993e-07,8.407048384842018e-08,4.836424429601833e-07,0.1860884577035904,0.026656306324611953,0.026489159814082085,6.701094603118179e-07,2.303799326545906e-07,7.878591982443994e-07,0.0053944145794957874,0.0021213340805843472,0.007576468245436748,0.004848901163010547,0.00027071237564086915,0.0006051042699255049,0.0063460350036621095,0.0021714437752962112
1700.0,0.0004020837130452077,0.009343573916980952,0.009262661205139012,3.8937288042551596e-07,5.920506231605222e-08,3.687221768739732e-07,0.2035176306962967,0.02678100642015791,0.026694347243756057,5.169572770138109e-07,9.452146336004819e-08,2.6386647580649725e-07,0.005557254003360867,0.0022328748600557446,0.0077735067655642824,0.005003190812810013,0.00029819011688232423,0.0003863973921397701,0.0035472750663757325,0.002051087364088744
1720.0,0.0003919663192952241,0.008302276514271881,0.008157472824677825,8.68845843410707e-07,7.265753582670976e-08,5.211601520156772e-07,0.3026930093765259,0.025971440602960628,0.025814033241476863,1.1487694278716965e-06,9.054291907912974e-08,3.5066100137003955e-07,0.005394168617203832,0.00223982660099864,0.00749706329467396,0.0048684449478363,0.00044181346893310545,0.00036208931996952745,0.0036693930625915526,0.001988051866646856
1740.0,0.0003818985058533955,0.008236422681969984,0.008122080785688013,6.69567269967588e-07,5.025510339393672e-08,4.351462759513034e-07,0.43930163979530334,0.026980713563825927,0.026793509954586625,1.544205665635625e-06,1.8326491170613343e-07,1.6347497052998266e-07,0.005497087282128632,0.0020091774058528244,0.00782236053297917,0.004915768969415997,0.00048322677612304686,0.0005311759465257637,0.0027509570121765138,0.0018216437310911715
1760.0,0.00037188468879544197,0.008767823968153152,0.008559189166408031,1.2582066984584121e-06,9.143768624373852e-08,7.577778551475301e-07,0.11867454648017883,0.02666160434966376,0.026468762150034308,1.6673988058853344e-06,1.6745813955561414e-07,1.1304406091717603e-07,0.00533544896170497,0.001997511018998921,0.007560740923509002,0.004779125971253961,0.0005146265029907227,0.0004736745002446696,0.002137923240661621,0.001955463562626392
1780.0,0.0003619292605124852,0.008571046526388161,0.008348997286520898,1.1740609737291174e-06,7.949164655487397e-08,9.89368994536846e-07,0.7789801955223083,0.02670098759046206,0.02620640442473814,3.5235960511668496e-06,1.5940236018698718e-07,1.3127911414130479e-06,0.005407336913049221,0.0021031799260526896,0.007610108237713575,0.0048566440818831325,0.0007735610008239747,0.0004841225105337799,0.00882582664489746,0.0021501236129552125
1800.0,0.00035203658778439984,0.008673802761158658,0.008487663039704784,9.230433421239146e-07,7.913853504884807e-08,8.780173294320171e-07,0.22316426038742065,0.025725803187722704,0.025663883611559867,3.0234073978806535e-07,2.1745568419676952e-07,1.0565384028625836e-07,0.005418023886159062,0.0020332176936790347,0.007674561347812414,0.0048538895207457244,0.00022815465927124025,0.0005735498212743551,0.0022910475730895997,0.0019607269088737665
1820.0,0.00034221100986440024,0.007982343412016875,0.007896777871064842,5.101619816287845e-07,9.111699649018929e-08,2.630194153359014e-07,0.27007439732551575,0.026726631071308585,0.02655302658677101,1.5303520785559706e-06,1.808322169440016e-07,4.23963563947175e-08,0.0054881562478840355,0.00227271590847522,0.007631783140823245,0.004952249524649233,0.0005099415779113769,0.00048623347538523376,0.001537764072418213,0.0018644765368662775
1840.0,0.00033245683657570044,0.00758567676182146,0.007467980531509965,7.996653878104908e-07,6.572305714380087e-08,3.2346236627290424e-07,0.16811424493789673,0.025954362284313855,0.025864191411528736,3.572363765978373e-07,1.3643111535276077e-07,4.171494048687968e-07,0.00551741891540587,0.002216350403614342,0.007718131256600221,0.004967240830107281,0.00023448467254638672,0.0003590605978388339,0.004509556293487549,0.0018516259035095573
1860.0,0.0003227783464210835,0.008534023606008377,0.008414577227085829,7.06859217387735e-07,7.704369381806016e-08,4.226261688199425e-07,0.1940760314464569,0.027344512770577877,0.027278385334648193,4.425874416705337e-07,1.5771764005314552e-07,6.764881655594815e-08,0.005456202337518335,0.001951290643773973,0.007792810133347909,0.004872050388560941,0.00024030208587646484,0.0004606251080986112,0.0019243597984313966,0.001955977501347661
1880.0,0.0003131797847062082,0.00750355927717429,0.007421322033042088,4.0290091193649097e-07,6.384824211673396e-08,3.6393007960537326e-07,0.2926958203315735,0.02574833631100199,0.025630872527835892,5.790908437815952e-07,7.436552790404139e-08,5.330464885779837e-07,0.005288737616501749,0.0020334217115305364,0.00745894821981589,0.004746184965673214,0.0003079414367675781,0.00032747428340371696,0.00541384220123291,0.0020429315976798535
1900.0,0.000303665361677478,0.008677989461832857,0.00854571080999449,8.09382887713567e-07,9.087748011629238e-08,4.35887630537477e-07,0.3015647828578949,0.0268404060429482,0.026726111560128628,9.680233287977528e-07,1.7126938139290137e-07,1.519701525957531e-08,0.005450498266145587,0.0020764748333022,0.007699847221374512,0.004888161027338356,0.00039734840393066404,0.0004867139214184135,0.0007874250411987304,0.0018897535745054483
1920.0,0.0002942392506752883,0.006328148573752539,0.006245546694844961,5.07912090234535e-07,8.579038180761912e-08,2.4065994116571044e-07,0.21380609273910522,0.025887213901455153,0.025760038156295195,5.356688730975931e-07,1.221125502169384e-07,6.268220631497005e-07,0.005315319146029651,0.0018992021796293557,0.0075927304569631815,0.004745966318296269,0.0002893805503845215,0.00043759483960457144,0.005495011806488037,0.0020122363464906813
1940.0,0.0002849055863034603,0.0077001086795752145,0.007619411579798907,4.7180113496647106e-07,5.662819969087834e-08,2.866928853053457e-07,0.19127747416496277,0.025206005419201802,0.02512290608137846,3.913829569694335e-07,7.157810279842557e-08,3.7642619097297503e-07,0.005299780238419771,0.0021168269449844956,0.007421749100709955,0.004769288022847226,0.00022242069244384765,0.00030715019966010004,0.004605507850646973,0.0020145058049820365
1960.0,0.00027566846261566785,0.006212425768597803,0.0061434437637217345,3.724737470450394e-07,4.6582583917512796e-08,2.7773159707854394e-07,0.15534131228923798,0.026270265974352967,0.026200294471345843,3.337342226078963e-07,5.227098125514049e-08,3.207776547947655e-07,0.005416775937192142,0.001957910310011357,0.007722686355312665,0.004840298332662011,0.00021213293075561523,0.000302571733482182,0.0040449976921081545,0.001980998658109456
1980.0,0.0002665319313196502,0.008660963738953097,0.008534674218390137,6.624369493709488e-07,8.319501383340947e-08,5.300197596538352e-07,0.15347102284431458,0.025983281278914257,0.025878275139257313,5.186211371532597e-07,8.106863447993249e-08,4.609783057096806e-07,0.005297504970803857,0.002035763580352068,0.007471999231105049,0.004753881405728558,0.00028463602066040037,0.00034491707338020207,0.005141234397888184,0.0020341553376056255
2000.0,0.0002574999999999995,0.007004037892985071,0.006873433844884857,4.931563024978661e-07,6.251395825746394e-08,7.635625483377483e-07,0.42964115738868713,0.025030076045712002,0.024976930802222342,3.08735731642026e-07,1.1736209960774375e-07,1.107228100599127e-07,0.005277093779295683,0.0018842271529138088,0.007539004863550265,0.004711616008232037,0.00022454261779785155,0.0003676509790238924,0.0024024605751037597,0.001961833017412573
2020.0,0.0002485766303603002,0.007238036988329212,0.0071652128943242134,4.5548616261723334e-07,5.8542577417043664e-08,2.2156816910712576e-07,0.16661840677261353,0.02587384252207711,0.025794950057752432,6.022362055891709e-07,1.3727531752807663e-07,5.738205591990165e-08,0.005384548380970955,0.0020030015148222446,0.007638912958403428,0.004820957236612836,0.00029033422470092773,0.0004540115623967722,0.001303565502166748,0.0018907806253992022
2040.0,0.0002397657364853966,0.007777942082360534,0.007698344584787265,5.599583459998016e-07,6.269253099441105e-08,1.8136425000849115e-07,0.2170093059539795,0.025642042032821076,0.02553035582532175,9.483433025528735e-07,1.1866188890500804e-07,6.113831863632804e-08,0.005330538214184344,0.002016755344811827,0.007539726793766022,0.004778241069288924,0.0004033327102661133,0.00038214540109038353,0.0016838788986206054,0.0018518009805120529
2060.0,0.0002310711831245445,0.007240198445744172,0.007112934335600585,7.17839243423733e-07,7.076731271464344e-08,4.968895059180834e-07,0.1753106564283371,0.025477580369754605,0.02539418519008905,6.357103715286145e-07,9.990319240467258e-08,1.0676198824406553e-07,0.005338861327618361,0.002017604885622859,0.007553032288948695,0.0047853185872857775,0.00032193660736083983,0.0003977887448854744,0.0023195385932922364,0.0018476375960744917
2080.0,0.00022249678399620612,0.0071889294692326685,0.007045997015666217,8.123444757359752e-07,9.411887153564854e-08,5.372988099652508e-07,0.09927243739366531,0.025194898918881835,0.025071968167321757,8.220862896020172e-07,8.294794652347626e-08,3.3669052710760943e-07,0.005203565652482212,0.0018851336208172143,0.00741585367359221,0.004650493647204712,0.000337064266204834,0.0003307285573100671,0.004301643371582032,0.001982317550573498
2100.0,0.00021404630011522563,0.006231756464676546,0.006163096852833405,3.3316779117740543e-07,6.119004985786061e-08,2.9917359172373026e-07,0.16533569991588593,0.026583847977391963,0.026467871165368705,5.373720143317894e-07,1.3569584303880593e-07,4.984150923592729e-07,0.005431583756580949,0.0018870079657062888,0.007794634283830722,0.004840821124768505,0.00028609037399291993,0.00048634683480486274,0.0053118705749511715,0.002011985646095127
2120.0,0.00020572343814312426,0.007636161182608623,0.007560807978734374,4.437057082853059e-07,7.492833519481228e-08,2.4250942999715785e-07,0.16926933825016022,0.024328978981520984,0.02421113911550492,9.851610710211454e-07,1.3178853133325456e-07,7.335207457550755e-08,0.00517742985393852,0.0020028225262649357,0.007293834739054243,0.00464832863265959,0.00037846565246582033,0.000384456166648306,0.0014588713645935058,0.0018737811828032137
2140.0,0.00019753184876223617,0.006456271290478438,0.00632995602209121,7.647598747828276e-07,5.097203123974456e-08,4.601798958686313e-07,0.6658133268356323,0.02592805285177254,0.02572546057635918,5.1042081428387e-07,1.6911538061125187e-07,1.3668504254418376e-06,0.005426091840490699,0.001963427639566362,0.007734534641106923,0.004848981140336642,0.0002807497978210449,0.0004279516520909965,0.009016013145446778,0.0016365485265851022
2160.0,0.0001894751250743983,0.007297729792959354,0.0071952087862882765,5.179959600903076e-07,4.883842190462322e-08,4.6873134195535373e-07,0.3771824240684509,0.025408949213067123,0.025321908423211425,4.3327518553830847e-07,9.693286738340153e-08,3.489918446105979e-07,0.005256988713517785,0.001989315263926983,0.0074354376799116535,0.004712376471919319,0.00022249221801757814,0.0003318131333799101,0.004469537734985351,0.00197906392859295
2180.0,0.0001815568010248975,0.006976204858038304,0.006901711301179603,4.7602897146324733e-07,6.034623110736853e-08,2.1608496771928654e-07,0.09010900557041168,0.025281761466316194,0.02518066910561174,8.707960000252193e-07,1.1903925945873124e-07,3.1299697126676194e-08,0.005354658979922533,0.002036381745710969,0.007566843802730243,0.004801612774220606,0.0003938198089599609,0.0003929223661543801,0.000999307632446289,0.0018812404130585491
2200.0,0.0001737803498523649,0.006905076218026456,0.006838775554206223,4.341674569356371e-07,3.6358646760929727e-08,1.9917757125528055e-07,0.20982903242111206,0.02535920142962256,0.02529251518426463,5.380209464407206e-07,1.1247881512700674e-07,2.309867639116407e-08,0.00528824154753238,0.0020160313579253852,0.007469715007270376,0.004742873182597881,0.0002437591552734375,0.00031274193606805055,0.0009268760681152344,0.0018555019749328494
2220.0,0.0001661491825652989,0.006409845965631949,0.006363397499080747,2.834870153714418e-07,4.3044810647555065e-08,1.426446037911251e-07,0.1476721167564392,0.02536713496669641,0.025297699280781672,5.561958433543113e-07,9.372269845917358e-08,5.145202298184906e-08,0.005349079170264304,0.0019346359767951071,0.007625374632577102,0.004780005304686105,0.0002858400344848633,0.00031223539845086633,0.0017330169677734375,0.0018290901323780417
2240.0,0.00015866664644588412,0.00626534204795462,0.006202435935847461,3.583393072340001e-07,3.646001839477044e-08,2.406159481809138e-07,0.15272729098796844,0.024770762282899227,0.02466823147260584,6.182132148363887e-07,1.1763199786525061e-07,2.998195377366269e-07,0.0052269378677010534,0.0019159718649461865,0.007434248536204298,0.004675110200575242,0.00024864673614501955,0.00036428785824682564,0.004063153266906738,0.0019665783387608827
2260.0,0.00015133602358176232,0.006342692832342252,0.00627684184582904,4.1899205318738513e-07,3.815256070768221e-08,2.0801686603636883e-07,0.22851552069187164,0.02443932008503346,0.02437472074525431,5.33478882944087e-07,6.077637055684595e-08,5.826333012685593e-08,0.005115109193138778,0.0017792790313251317,0.0073389959676812095,0.004559137499503171,0.00028551816940307616,0.0002685690444195643,0.0012968897819519043,0.0018487492692656816
2280.0,0.00014416052942640116,0.007099195854191574,0.007046808116137981,3.2396774550893465e-07,4.6036491236293854e-08,1.5916483450319532e-07,0.15990005433559418,0.025384507120183555,0.025295668630860746,7.160570557070946e-07,1.5429989345850408e-07,2.700152884257945e-08,0.005439267493784428,0.002187372650951147,0.007607197389006615,0.004897285019978881,0.00036429166793823243,0.00048104386660270394,0.0010659575462341308,0.001873039931524545
2300.0,0.00013714331138868987,0.006669827073480029,0.0065768628963269295,5.163654162473055e-07,5.451517269583675e-08,3.68151503512412e-07,0.14364804327487946,0.024650170436768357,0.024572670506313444,6.101765826062376e-07,6.597967069314459e-08,1.0667132705327725e-07,0.005221530236303807,0.0019708825275301933,0.007388628708819549,0.004679755618174871,0.00033562183380126954,0.0002891356940381229,0.0022163629531860352,0.00191310525406152
2320.0,0.00013028744745238063,0.0059524818910744355,0.005886024492792785,3.307083145362492e-07,4.485825613928548e-08,2.9572028065427156e-07,0.18915483355522156,0.024721529517249603,0.024667771870736033,4.2161527988879555e-07,7.559627970858069e-08,4.579497084270621e-08,0.005183147825300693,0.001794717158190906,0.007442101603373885,0.004618409380782396,0.00023877620697021484,0.0002799919922836125,0.0015016555786132812,0.0018766263849101961
2340.0,0.0001235959448259845,0.006053239259144938,0.006007328035775572,2.4676641425202215e-07,3.537281189480553e-08,1.8161050485687857e-07,0.0692676305770874,0.024840141734187415,0.024780817271675915,4.1522899374168946e-07,1.1108663391796112e-07,7.2921367406019e-08,0.005246499599888921,0.0018368590390309691,0.007519593307127555,0.004678226173079262,0.0002288222312927246,0.0003128453230601735,0.0015857815742492676,0.001896778552327305
2360.0,0.00011707173862370948,0.00647272809487411,0.0064275906304828824,2.5169076391813534e-07,2.98063709109878e-08,1.7443684892064482e-07,0.20406244695186615,0.024635271361467273,0.02457589848781936,4.454365966348062e-07,6.860182959461022e-08,8.568757021413514e-08,0.0051367925480008125,0.0017442195676267147,0.007398507868250211,0.004571363717938462,0.00027891397476196287,0.00028648751613218336,0.0018157362937927246,0.001888090034481138
2380.0,0.00011071769057802307,0.006008762444680974,0.005957834603032097,3.019861955353161e-07,3.381602408956957e-08,1.7862042329306932e-07,0.06745782494544983,0.024528346053108323,0.02446150525356643,5.128008212968904e-07,1.0501725237170183e-07,5.734151766366114e-08,0.005224162922240793,0.0018447699840180576,0.007477091547722618,0.004660930765870338,0.00029801130294799806,0.0003241919650463387,0.001579749584197998,0.0018031441722996533
2400.0,0.00010453658778440123,0.006462061989652075,0.006381944415625185,5.018509206240925e-07,3.785464846367809e-08,2.695628554262593e-07,0.2991253733634949,0.024819501089830137,0.024750525585841388,5.449616571764136e-07,9.839734605644182e-08,5.336325927975477e-08,0.005245697195641696,0.0019247360178269446,0.007459671314184864,0.004692203666005904,0.0002960205078125,0.0003105485739069991,0.0017411947250366212,0.001812258968129754
2420.0,9.853114147881663e-05,0.006659471044236948,0.006583166256314143,4.5861999507164845e-07,3.741043171764316e-08,2.74725006774386e-07,0.3573398292064667,0.025123319997701576,0.025006213004235178,9.02171128684359e-07,9.725468233269259e-08,1.8347311288597526e-07,0.005234675272367895,0.0018166317022405565,0.00751337098578612,0.004665001344013339,0.0003606319427490234,0.00032940752134891227,0.002975130081176758,0.0017769254394806922
2440.0,9.270398584850091e-05,0.005063186873982482,0.0050187863584142175,2.5644862961067645e-07,3.33378800276038e-08,1.5870354660681584e-07,0.20270013809204102,0.024019619337583627,0.023949940875172614,5.682697618763564e-07,9.445093314830364e-08,4.1102157611826026e-08,0.005117793171666563,0.0017946158186532557,0.0073332447403421,0.0045639302794976775,0.00026066303253173827,0.0002952060007373802,0.0013169407844543456,0.0018694332102313638
2460.0,8.705767687650266e-05,0.006885914849526583,0.006827236525714398,4.3444764831492676e-07,3.8028107590415785e-08,1.2023458563186786e-07,0.15193237364292145,0.024891360319076863,0.024825082870665937,4.479493191938512e-07,6.531306506737427e-08,1.562067916067049e-07,0.005235593672841788,0.0018670898862183094,0.007481262863924106,0.004674176375071207,0.00026346445083618163,0.00028074384899809954,0.0025867342948913572,0.0019020556355826557
2480.0,8.159469122054935e-05,0.0064675686692415284,0.006406992999836802,4.120691540436191e-07,3.219602490683968e-08,1.6761026958213803e-07,0.24333032965660095,0.02444248374588928,0.024361306213540955,7.111912123636415e-07,7.690475887133366e-08,3.1879102990520676e-08,0.005168373580090702,0.0018369763274677098,0.007389305081839363,0.004613140704653537,0.0003500699996948242,0.00030340541270561515,0.001122593879699707,0.0018695608945563436
2500.0,7.631742512670293e-05,0.005817462979417616,0.0057655457581859085,3.1222991338342544e-07,3.051015862904823e-08,1.8167630406538275e-07,0.14783194661140442,0.02452480849295756,0.0244539120409172,5.348781127824649e-07,1.026336530540022e-07,7.861401234895054e-08,0.005232953000813723,0.001842600293457508,0.007493188139051199,0.0046678942162543535,0.0002857327461242676,0.0003292268462246284,0.0020939111709594727,0.0018037800095044077
2520.0,7.122819337828757e-05,0.0049396937171620504,0.0048931203316897156,2.9350954810136495e-07,3.0050219796844255e-08,1.4687846919608197e-07,0.06296434253454208,0.024563653001332453,0.024494155653519555,5.552321881028021e-07,1.139286595436017e-07,3.283256460509417e-08,0.0052211879752576355,0.001919132424518466,0.007422558342417081,0.004670845383467773,0.0002616167068481445,0.00032838764309417456,0.001192188262939453,0.0018241744954138994
2540.0,6.632922828054893e-05,0.006645873697207342,0.006604926928412169,2.54613551480026e-07,2.9615667033254734e-08,1.293745066904816e-07,0.10069181025028229,0.024484117676732507,0.024409839045256378,5.626914257964883e-07,6.491098018680278e-08,1.226868008462958e-07,0.0051822895649820564,0.0018392682541161776,0.007410970438892643,0.004625119346504411,0.00029946565628051757,0.00027780994423665106,0.002053380012512207,0.0018917928216978907
2560.0,6.16226786814909e-05,0.006347258929313963,0.006297929264837876,3.120020073238531e-07,3.273992576830662e-08,1.5353750606024388e-07,0.19578371942043304,0.02458137981767787,0.024525665614055468,4.204523491839552e-07,8.49569684305769e-08,5.736041594507798e-08,0.005176155199296773,0.0017835379694588482,0.007437900019188722,0.0046107189943237845,0.00025485754013061525,0.0002846225717803463,0.0014150381088256837,0.0018154464662075043
2580.0,5.711060902932048e-05,0.0057273928291568235,0.005679443874396384,3.089441527278396e-07,2.2960186620213242e-08,1.5242853702003435e-07,0.092134028673172,0.024496291529867674,0.024440238042734562,4.33054737003267e-07,8.815002267541342e-08,4.499208004973561e-08,0.005181519407778978,0.0018271980807185173,0.007417733625819285,0.004622465853268901,0.00023522377014160157,0.0003107853379333392,0.0011051416397094727,0.0018599865725263953
2600.0,5.279499846691278e-05,0.005645111448165664,0.005582765676081181,3.78564047230728e-07,3.803021251717988e-08,2.1316101383272035e-07,0.15189209580421448,0.024060761533912144,0.023991568823112173,4.3805774174173236e-07,1.0645639897803083e-07,1.544021299870138e-07,0.0051599310245364904,0.0018153850687667727,0.007389628328382969,0.004602506698574871,0.00026198625564575193,0.00030217880812415386,0.0027288198471069336,0.0017666645697318017
2620.0,4.8677739963692433e-05,0.005976868686254898,0.005936729488894343,2.018245156634224e-07,2.9390262238881586e-08,1.7423166008310018e-07,0.1236332505941391,0.024328469210404505,0.024274892848916353,4.011267304907035e-07,1.0562515569460635e-07,3.442348238188086e-08,0.005184746580198407,0.0018081816378980875,0.007435789875065287,0.004621985756481687,0.0002444624900817871,0.0003406768897548318,0.0013394832611083984,0.0018266514991410077
2640.0,4.4760639485315706e-05,0.006466284374875825,0.006432590575423091,2.0414360272648167e-07,3.0690037927543754e-08,1.0550776795944658e-07,0.12789620459079742,0.024594626465274418,0.02454364183358848,3.9164071351180385e-07,9.192099762145246e-08,3.1434568522663054e-08,0.00520102079026401,0.0018160882173106074,0.007457642505566279,0.004636865361438444,0.00024080276489257812,0.00030313075258163734,0.0011774539947509766,0.0018301234464161097
2660.0,4.104541520151386e-05,0.00451801452360907,0.004472529893973842,2.9727968153418057e-07,2.763800366897661e-08,1.345230181829781e-07,0.0343908816576004,0.024070542831511093,0.02401696256711148,4.244899686821341e-07,8.93606126821231e-08,2.736421055104082e-08,0.005134678655304014,0.001782338775228709,0.0073695719086875515,0.00457595534195813,0.0002572298049926758,0.00029666491027455775,0.0009406208992004395,0.001844791730400175
2680.0,3.753369673244706e-05,0.006329629486930252,0.006289334129542112,2.423851583663522e-07,2.824503974821588e-08,1.363936138868393e-07,0.24914215505123138,0.024181265576072798,0.024127878481522202,4.010412802587017e-07,9.61558039838982e-08,4.206649707652585e-08,0.005143132898956538,0.0018061356386169791,0.007367797739182909,0.004586966688899944,0.00025670528411865235,0.00028413565596565606,0.001541602611541748,0.0018174517550505697
2700.0,3.4227024433899114e-05,0.006378386153297199,0.006335929332999512,2.626464267356553e-07,3.306547987530538e-08,1.3314486407273914e-07,0.15020519495010376,0.024451442423819313,0.024397814634721727,4.0678436086749454e-07,1.0456088785920758e-07,3.0349590642841354e-08,0.005182738485746086,0.0018269866122864187,0.007419906401385863,0.004623446506836141,0.00023853778839111328,0.0003276581686805002,0.000961458683013916,0.0018422681489028037
2720.0,3.11268487216269e-05,0.005718905558929394,0.005675516795599833,2.602699970159425e-07,2.775483963353364e-08,1.5024550001276486e-07,0.1451215147972107,0.024528940854596486,0.024458962969947606,5.195187044220382e-07,9.453652108012625e-08,9.279209418349241e-08,0.005193734238855541,0.0018260476063005626,0.00743885866055886,0.004632453133429712,0.00029120445251464846,0.00030339684162754564,0.0022855639457702638,0.00178309406619519
2740.0,2.8234529435159485e-05,0.0060304658708778686,0.0059884339396376165,2.679538060796394e-07,2.5050773306708963e-08,1.315603826363938e-07,0.05336948111653328,0.024326072549857455,0.024262893781997263,4.895294345412351e-07,8.578226903716266e-08,6.285766874677718e-08,0.00514857245143503,0.0017778935725800693,0.007395691704005003,0.004586792638292536,0.0002864837646484375,0.0003035251545952633,0.0012992501258850097,0.001874618709553033
2760.0,2.5551335241327808e-05,0.005907623343074345,0.005860621039755642,2.8824359587902926e-07,3.0426877756326587e-08,1.5610026695759996e-07,0.1063486710190773,0.024352361170933524,0.02429912596126087,4.0225352832599675e-07,9.498848992676e-08,4.048737238011462e-08,0.00517273279838264,0.0018065923359245062,0.007416826440021396,0.004611709387972951,0.00023838281631469727,0.0002992059395182878,0.0014742970466613769,0.0018195626209490002
2780.0,2.307844307778583e-05,0.005119737113694721,0.005079850211041048,2.3601355563844067e-07,2.702369225848483e-08,1.3986075870583944e-07,0.20347997546195984,0.024188516426880587,0.02413473145570606,3.92880485879878e-07,8.721993421786158e-08,6.318211701871596e-08,0.005139619437977671,0.0017686797073110938,0.00738691259175539,0.004577796149533242,0.00024218559265136718,0.0002933166004368104,0.0015362262725830077,0.001880579791031778
2800.0,2.081693763676639e-05,0.005029564052315151,0.004985054983990267,2.9369100090879484e-07,2.5410797788094896e-08,1.3048475003932058e-07,0.17560125887393951,0.024245139105149232,0.024193359923083337,4.033727155346813e-07,8.734708828989639e-08,3.230223724507017e-08,0.0051626245956867935,0.0018089314689859748,0.007398420013487339,0.004603675741236657,0.0002489805221557617,0.0002809712910675444,0.0009763479232788086,0.001846177561674267
2820.0,1.8767810889299215e-05,0.005954275099958009,0.0059152826317586,2.578839531110343e-07,2.7309226946756498e-08,1.0867013508775232e-07,0.12444698065519333,0.024350066465262287,0.024298068357165904,3.9533010805690373e-07,9.789683113046305e-08,3.200647592762778e-08,0.005178179778158665,0.0018251331057399511,0.007413544226437807,0.004619338666088879,0.0002452850341796875,0.000295219542022096,0.001109921932220459,0.0018329087528400124
2840.0,1.6931961650100196e-05,0.006821786018476039,0.006781947135459631,2.532797452219083e-07,2.8297059175507315e-08,1.208361553642731e-07,0.17392924427986145,0.024262614050156218,0.024211883754469456,3.956019150838984e-07,8.494448578758261e-08,3.1880828287745884e-08,0.005163394566625357,0.001813855953514576,0.00739642030869921,0.004605138131106893,0.00024771690368652344,0.00027136813587276266,0.0009702920913696289,0.0018389876815490425
2860.0,1.531019518332085e-05,0.0053302769042387465,0.00528797937440686,2.5948475203248167e-07,2.4362764043939614e-08,1.4340026000325424e-07,0.0671624019742012,0.024158498153659908,0.02410575661342591,3.9939007252592326e-07,9.847838009178083e-08,3.4874378028743236e-08,0.005156171065755189,0.001817523909267038,0.007381935836747289,0.004599729873007163,0.0002379894256591797,0.0002914075419539586,0.0010005354881286622,0.001848608604632318
2880.0,1.3903222849333509e-05,0.006212720359014412,0.006182967103086412,1.7039397008279922e-07,2.4784557614240686e-08,1.0535941096961288e-07,0.12709614634513855,0.02428872327562697,0.02423683423548937,3.926905645300468e-07,8.56866086826505e-08,4.575454534892128e-08,0.005163032398559153,0.0017988334293477237,0.007405831711366773,0.004602332570357248,0.00024924278259277346,0.0002830430050380528,0.0010990381240844726,0.0018636188586242497
2900.0,1.2711661792704768e-05,0.005585677318996338,0.0055324001470580695,3.625181287694728e-07,2.814488646677091e-08,1.4749023666546152e-07,0.213463693857193,0.024297672853628948,0.02424210784956813,4.4974804573535966e-07,7.913696345401444e-08,3.237765809162054e-08,0.005157242016866803,0.0017870803130790591,0.007404016486058633,0.004595548399568846,0.0002710461616516113,0.00027218240429647265,0.0010094285011291505,0.001839094830211252
2920.0,1.1736034671495366e-05,0.005232082695758633,0.00518204762483947,2.7769356397271014e-07,2.4737218556313556e-08,2.029739742302042e-07,0.12293218076229095,0.024300553375894283,0.024247537140036003,3.9529997948190815e-07,1.0035880754559664e-07,3.985874689451754e-08,0.005168537166900933,0.0018088016076944768,0.00740836087303857,0.004608581240366524,0.00024918317794799807,0.000293116854300024,0.0014883160591125488,0.001817722525447607
2940.0,1.0976769428005596e-05,0.005757776843453279,0.005723589938133955,2.0750890630560876e-07,2.6869733442899823e-08,1.1094363620425807e-07,0.08390311896800995,0.024275619254772007,0.024224263115320353,3.958879872564456e-07,9.1104318654239e-08,3.1756577439357285e-08,0.005169820273295045,0.0018052677623927593,0.007412855280563235,0.004609061521477997,0.00024204254150390626,0.0002776891720714048,0.0012007951736450195,0.0018292471999302507
2960.0,1.0434199101065108e-05,0.006283039601647564,0.006257323530735448,1.5135574085689927e-07,2.075917662420687e-08,8.764337456047227e-08,0.1920318454504013,0.02423966255701257,0.024184715352021158,4.267073524219649e-07,7.900409300405018e-08,4.9310827214510755e-08,0.005150604830123484,0.0017961160629056394,0.007386930674935381,0.004591523368920511,0.0002632617950439453,0.0002705673963646404,0.0011004567146301269,0.0018634864245541394
2980.0,1.010856167995148e-05,0.005655041661454807,0.005598832992836833,3.164529779788383e-07,3.071036538755569e-08,2.2060098610808604e-07,0.14962083101272583,0.024272340779882887,0.024219866120256485,3.96187093609929e-07,1.0337986598634973e-07,3.0480107337067626e-08,0.005167449242435396,0.0018103119800798595,0.00740554075067242,0.004607926365376139,0.00023919343948364258,0.0003077533707255498,0.0010681986808776856,0.0018353999126702546
3000.0,1e-05,0.005353164041197962,0.0053232027392368765,1.669307201053648e-07,2.411657893499507e-08,1.1159211470798812e-07,0.08857246488332748,0.024260733194989417,0.024208869104040787,4.0788548110952004e-07,8.545437957537629e-08,3.053984586692215e-08,0.005160027369856835,0.0017975205555558205,0.007401698579390843,0.0045996095674733315,0.0002558112144470215,0.00028070775588275867,0.0009594917297363281,0.0018400980974547566
